symbol,side,order_type,time_in_force,original_quantity,price,average_price,order_status,usd_size
BTC,SELL,LIMIT,IOC,2.88600000,90204.52,90649.90,FILLED,260330.24
XRP,SELL,LIMIT,IOC,227058.40000000,1.09,1.10,FILLED,246835.19
ETH,SELL,LIMIT,IOC,52.16000000,3107.57,3121.04,FILLED,162090.85
XRP,SELL,LIMIT,IOC,213364.80000000,1.08,1.09,FILLED,229900.57
BTCUSDC,BUY,LIMIT,IOC,2.37900000,92758.60,92325.60,FILLED,220672.71
LTC,BUY,LIMIT,IOC,7044.74600000,88.46,86.97,FILLED,623178.23
XRP,BUY,LIMIT,IOC,560713.30000000,1.12,1.10,FILLED,628671.75
ETH,BUY,LIMIT,IOC,326.08000000,3130.21,3113.73,FILLED,1020698.88
SOL,BUY,LIMIT,IOC,3422.00000000,239.87,237.69,FILLED,820839.93
BTC,BUY,LIMIT,IOC,10.95900000,92733.80,92242.28,FILLED,1016269.71
BTC,BUY,LIMIT,IOC,2.85200000,92853.96,92436.82,FILLED,264819.49
1000PEPE,SELL,LIMIT,IOC,6161760.00000000,0.02,0.02,FILLED,119184.46
PNUT,SELL,LIMIT,IOC,235064.00000000,1.60,1.64,FILLED,376628.83
1000PEPE,BUY,LIMIT,IOC,5987422.00000000,0.02,0.02,FILLED,118710.82
ETH,SELL,LIMIT,IOC,42.69400000,3065.89,3080.87,FILLED,130895.11
IO,SELL,LIMIT,IOC,52582.80000000,2.28,2.31,FILLED,119746.98
APE,SELL,LIMIT,IOC,529987.00000000,1.06,1.07,FILLED,559560.27
ARKM,SELL,LIMIT,IOC,139326.00000000,1.92,1.96,FILLED,267915.26
1000PEPE,BUY,LIMIT,IOC,5742346.00000000,0.02,0.02,FILLED,109297.52
NEIRO,BUY,LIMIT,IOC,71578931.00000000,0.00,0.00,FILLED,127751.21
BTC,SELL,LIMIT,IOC,2.16000000,92889.12,93336.07,FILLED,200640.50
BTC,SELL,LIMIT,IOC,2.01800000,92793.60,93267.10,FILLED,187257.48
BTC,SELL,LIMIT,IOC,1.42000000,93116.01,93501.30,FILLED,132224.73
GRASS,SELL,LIMIT,IOC,59575.30000000,2.10,2.14,FILLED,124980.66
1000PEPE,SELL,LIMIT,IOC,5953463.00000000,0.02,0.02,FILLED,109190.08
FIL,SELL,LIMIT,IOC,93363.90000000,4.08,4.12,FILLED,381018.08
ETHUSDC,SELL,LIMIT,IOC,37.96600000,3067.77,3081.03,FILLED,116470.96
PNUT,SELL,LIMIT,IOC,106052.00000000,1.40,1.40,FILLED,148128.99
DOGE,SELL,LIMIT,IOC,371240.00000000,0.38,0.38,FILLED,139304.84
TROY,SELL,LIMIT,IOC,33824197.00000000,0.00,0.00,FILLED,106894.61
MOODENG,SELL,LIMIT,IOC,337724.00000000,0.40,0.40,FILLED,135260.45
ENA,SELL,LIMIT,IOC,940203.00000000,0.51,0.51,FILLED,475726.26
PNUT,SELL,LIMIT,IOC,151036.00000000,1.29,1.31,FILLED,194691.07
NEIRO,SELL,LIMIT,IOC,71842405.00000000,0.00,0.00,FILLED,119394.17
GOAT,SELL,LIMIT,IOC,417373.00000000,0.89,0.90,FILLED,370526.43
FIL,SELL,LIMIT,IOC,36139.00000000,4.12,4.15,FILLED,149037.24
BTC,SELL,LIMIT,IOC,1.08300000,94036.34,94439.55,FILLED,101841.36
BNB,SELL,LIMIT,IOC,261.31000000,595.14,600.18,FILLED,155516.29
ETH,SELL,LIMIT,IOC,51.43300000,3033.28,3047.35,FILLED,156010.69
ETH,SELL,LIMIT,IOC,63.53400000,3031.20,3045.31,FILLED,192584.26
DOGE,SELL,LIMIT,IOC,968020.00000000,0.37,0.37,FILLED,357493.66
GOAT,SELL,LIMIT,IOC,136119.00000000,0.85,0.86,FILLED,115958.17
FIL,SELL,LIMIT,IOC,140110.10000000,4.07,4.12,FILLED,569547.56
1000RATS,SELL,LIMIT,IOC,2985489.00000000,0.09,0.09,FILLED,262406.87
ETH,SELL,LIMIT,IOC,37.17200000,3027.08,3040.01,FILLED,112522.62
1000BONK,SELL,LIMIT,IOC,4261921.00000000,0.05,0.05,FILLED,198972.04
MOODENG,SELL,LIMIT,IOC,311286.00000000,0.39,0.39,FILLED,121364.47
MOODENG,SELL,LIMIT,IOC,1396513.00000000,0.39,0.39,FILLED,543103.07
1000PEPE,SELL,LIMIT,IOC,7838270.00000000,0.02,0.02,FILLED,141772.36
XRP,SELL,LIMIT,IOC,123039.00000000,1.07,1.08,FILLED,132193.10
GALA,SELL,LIMIT,IOC,5000000.00000000,0.03,0.03,FILLED,133100.00
APT,SELL,LIMIT,IOC,9918.80000000,11.15,11.31,FILLED,110576.17
WLD,SELL,LIMIT,IOC,51882.00000000,2.01,2.03,FILLED,104225.36
TROY,BUY,LIMIT,IOC,38722696.00000000,0.00,0.00,FILLED,128563.22
BTCUSDC,BUY,LIMIT,IOC,4.21100000,95765.40,95299.70,FILLED,403268.10
BTC,BUY,LIMIT,IOC,6.69100000,96291.07,95840.40,FILLED,644283.55
BTCUSDC,BUY,LIMIT,IOC,1.36500000,96377.10,95944.60,FILLED,131554.74
BTC,BUY,LIMIT,IOC,2.05800000,96344.30,95903.76,FILLED,198276.57
ETH,SELL,LIMIT,IOC,145.13300000,3068.15,3082.28,FILLED,445289.81
BTC,BUY,LIMIT,IOC,3.10300000,96351.11,95896.67,FILLED,298977.49
BTC,BUY,LIMIT,IOC,3.63100000,96475.57,96107.27,FILLED,350302.79
ETH,BUY,LIMIT,IOC,72.67600000,3104.05,3089.73,FILLED,225589.94
SUI,BUY,LIMIT,IOC,37413.40000000,3.55,3.50,FILLED,132837.92
BTC_241227,BUY,LIMIT,IOC,1.06800000,99642.20,98215.60,FILLED,106417.87
BTCUSDC,BUY,LIMIT,IOC,1.29200000,97090.70,96687.80,FILLED,125441.18
ORDI,SELL,LIMIT,IOC,3509.50000000,37.09,37.50,FILLED,130164.53
1000PEPE,SELL,LIMIT,IOC,5183426.00000000,0.02,0.02,FILLED,103600.62
WIF,SELL,LIMIT,IOC,50676.70000000,3.11,3.15,FILLED,157720.89
ETH,SELL,LIMIT,IOC,57.28400000,3296.92,3311.98,FILLED,188860.77
1000PEPE,SELL,LIMIT,IOC,28979277.00000000,0.02,0.02,FILLED,573520.18
ETH,SELL,LIMIT,IOC,40.07400000,3294.09,3308.00,FILLED,132007.36
DOT,BUY,LIMIT,IOC,23723.50000000,6.12,6.04,FILLED,145140.37
ADA,BUY,LIMIT,IOC,116301.00000000,0.87,0.86,FILLED,100617.81
MOODENG,SELL,LIMIT,IOC,330546.00000000,0.40,0.41,FILLED,133674.36
SOL,BUY,LIMIT,IOC,392.00000000,260.24,258.63,FILLED,102015.65
1000PEPE,BUY,LIMIT,IOC,8233216.00000000,0.02,0.02,FILLED,174632.27
ETH,BUY,LIMIT,IOC,30.02600000,3361.83,3346.74,FILLED,100942.31
BTCUSDC,BUY,LIMIT,IOC,5.40600000,99714.60,99263.60,FILLED,539057.13
BTC,BUY,LIMIT,IOC,1.27000000,99640.88,99250.00,FILLED,126543.92
BTC,BUY,LIMIT,IOC,2.17800000,99715.38,99300.00,FILLED,217180.10
SOL,BUY,LIMIT,IOC,397.00000000,264.74,263.10,FILLED,105102.61
BTCUSDC,BUY,LIMIT,IOC,3.21800000,99813.40,99347.80,FILLED,321199.52
ETH,BUY,LIMIT,IOC,39.15600000,3389.99,3376.60,FILLED,132738.45
BTC,SELL,LIMIT,IOC,1.73600000,98276.14,98714.96,FILLED,170607.38
SUI,BUY,LIMIT,IOC,30399.10000000,3.65,3.60,FILLED,111060.41
BTC,BUY,LIMIT,IOC,2.80000000,99420.90,98960.82,FILLED,278378.52
ETH,BUY,LIMIT,IOC,55.49900000,3408.45,3393.58,FILLED,189165.57
ETH,BUY,LIMIT,IOC,119.23000000,3415.53,3398.88,FILLED,407233.64
BTC,BUY,LIMIT,IOC,2.04500000,99396.07,98927.60,FILLED,203264.96
ETH,BUY,LIMIT,IOC,190.32300000,3430.48,3414.15,FILLED,652899.25
1000PEPE,BUY,LIMIT,IOC,5189625.00000000,0.02,0.02,FILLED,113344.00
1000PEPE,BUY,LIMIT,IOC,8264341.00000000,0.02,0.02,FILLED,181154.35
NEIRO,BUY,LIMIT,IOC,61422480.00000000,0.00,0.00,FILLED,122524.95
BTC,BUY,LIMIT,IOC,4.38000000,99592.95,99113.83,FILLED,436217.12
BTCUSDC,BUY,LIMIT,IOC,5.02800000,99685.90,99199.80,FILLED,501220.71
ETH,SELL,LIMIT,IOC,30.62500000,3378.88,3394.16,FILLED,103478.20
ETH,SELL,LIMIT,IOC,33.50000000,3345.67,3360.00,FILLED,112079.95
BTC,BUY,LIMIT,IOC,1.23700000,99748.69,99291.48,FILLED,123389.13
BTCUSDC,BUY,LIMIT,IOC,1.10200000,100018.00,99583.70,FILLED,110219.84
BTC,BUY,LIMIT,IOC,1.56700000,99895.63,99431.30,FILLED,156536.45
GOAT,SELL,LIMIT,IOC,119915.00000000,0.92,0.93,FILLED,110372.54
ETH,SELL,LIMIT,IOC,180.00000000,3268.24,3284.52,FILLED,588283.20
NEIRO,SELL,LIMIT,IOC,73965374.00000000,0.00,0.00,FILLED,129626.54
EOS,BUY,LIMIT,IOC,464160.90000000,0.74,0.72,FILLED,342086.58
XRP,SELL,LIMIT,IOC,87054.30000000,1.43,1.44,FILLED,124609.53
BTC,BUY,LIMIT,IOC,7.49300000,99485.11,98978.61,FILLED,745441.93
SOL,SELL,LIMIT,IOC,453.00000000,250.03,251.70,FILLED,113264.68
BTC,BUY,LIMIT,IOC,2.06700000,99554.40,99092.80,FILLED,205778.94
XRP,SELL,LIMIT,IOC,171902.80000000,1.40,1.41,FILLED,240045.07
BTC,BUY,LIMIT,IOC,1.11300000,99845.20,99394.80,FILLED,111127.71
BTC,BUY,LIMIT,IOC,3.02200000,99895.58,99419.33,FILLED,301884.44
ETH,SELL,LIMIT,IOC,38.73500000,3276.86,3291.53,FILLED,126929.17
BTC,BUY,LIMIT,IOC,1.52800000,99956.56,99499.00,FILLED,152733.62
PNUT,SELL,LIMIT,IOC,127893.00000000,1.06,1.07,FILLED,136174.31
PNUT,SELL,LIMIT,IOC,242126.00000000,1.03,1.05,FILLED,249983.13
BTC,BUY,LIMIT,IOC,1.26700000,99239.56,98790.00,FILLED,125736.52
BTC,BUY,LIMIT,IOC,2.25200000,98952.94,98718.90,FILLED,222842.02
XRP,BUY,LIMIT,IOC,1230987.50000000,1.58,1.55,FILLED,1941759.68
DOGE,BUY,LIMIT,IOC,2078853.00000000,0.42,0.41,FILLED,866116.68
BTC,BUY,LIMIT,IOC,1.67100000,99173.52,98710.00,FILLED,165718.95
SOL,BUY,LIMIT,IOC,1577.00000000,258.18,255.87,FILLED,407146.08
SUI,BUY,LIMIT,IOC,78732.70000000,3.61,3.56,FILLED,284212.61
ETH,BUY,LIMIT,IOC,43.16400000,3349.99,3335.25,FILLED,144598.97
XRP,BUY,LIMIT,IOC,69106.40000000,1.56,1.55,FILLED,107902.73
ADA,BUY,LIMIT,IOC,92057.00000000,1.15,1.14,FILLED,105709.97
DOGE,BUY,LIMIT,IOC,627597.00000000,0.43,0.43,FILLED,272786.92
PNUT,BUY,LIMIT,IOC,289522.00000000,1.23,1.22,FILLED,356858.48
BTC,BUY,LIMIT,IOC,2.00000000,99147.87,98692.30,FILLED,198295.74
DOGE,BUY,LIMIT,IOC,226987.00000000,0.47,0.47,FILLED,107618.85
TON,BUY,LIMIT,IOC,51652.10000000,6.29,6.20,FILLED,324719.82
ETH,BUY,LIMIT,IOC,65.78900000,3515.16,3498.61,FILLED,231258.86
ENA,BUY,LIMIT,IOC,232553.00000000,0.68,0.67,FILLED,158424.29
DOGE,SELL,LIMIT,IOC,252757.00000000,0.43,0.43,FILLED,107804.90
WIF,SELL,LIMIT,IOC,43507.20000000,3.32,3.37,FILLED,144545.17
ETH,BUY,LIMIT,IOC,56.39400000,3452.67,3437.84,FILLED,194709.87
DOGE,BUY,LIMIT,IOC,426399.00000000,0.46,0.45,FILLED,194321.11
BTC,BUY,LIMIT,IOC,2.04000000,98983.64,98542.53,FILLED,201926.63
EOS,BUY,LIMIT,IOC,320450.20000000,0.84,0.83,FILLED,267896.37
DOT,BUY,LIMIT,IOC,22097.60000000,9.56,9.42,FILLED,211363.54
XLM,BUY,LIMIT,IOC,190951.00000000,0.62,0.62,FILLED,119092.32
FLOW,BUY,LIMIT,IOC,158400.00000000,0.96,0.93,FILLED,151747.20
XRP,SELL,LIMIT,IOC,72135.20000000,1.46,1.47,FILLED,105418.38
AXS,BUY,LIMIT,IOC,23791.00000000,7.68,7.64,FILLED,182745.33
LINA,BUY,LIMIT,IOC,28560505.00000000,0.01,0.01,FILLED,176789.53
BIGTIME,BUY,LIMIT,IOC,1021612.00000000,0.16,0.16,FILLED,164483.92
BTC,SELL,LIMIT,IOC,1.14500000,97438.55,97884.10,FILLED,111567.14
ENA,BUY,LIMIT,IOC,215743.00000000,0.69,0.68,FILLED,148636.08
SAND,BUY,LIMIT,IOC,168224.00000000,0.77,0.76,FILLED,129137.15
XRP,SELL,LIMIT,IOC,232942.00000000,1.37,1.39,FILLED,319619.72
SOL,SELL,LIMIT,IOC,2539.00000000,247.29,249.53,FILLED,627876.42
TON,SELL,LIMIT,IOC,32374.80000000,5.95,6.04,FILLED,192506.23
BTC,SELL,LIMIT,IOC,4.31500000,97042.70,97503.46,FILLED,418739.25
ETH,SELL,LIMIT,IOC,173.08800000,3298.97,3314.54,FILLED,571012.12
OP,SELL,LIMIT,IOC,53444.60000000,2.10,2.12,FILLED,111996.94
WIF,SELL,LIMIT,IOC,35374.50000000,3.04,3.09,FILLED,107711.60
BTC,SELL,LIMIT,IOC,1.04900000,96793.92,97203.00,FILLED,101536.82
ETH,SELL,LIMIT,IOC,238.66700000,3290.20,3306.96,FILLED,785262.16
ETH,SELL,LIMIT,IOC,33.66100000,3292.31,3307.19,FILLED,110822.45
WIF,SELL,LIMIT,IOC,37630.20000000,3.03,3.07,FILLED,113901.26
ETH,BUY,LIMIT,IOC,60.00000000,3356.97,3341.69,FILLED,201418.20
BTC,BUY,LIMIT,IOC,1.50000000,98181.39,97733.00,FILLED,147272.08
ETHUSDC,BUY,LIMIT,IOC,34.67800000,3373.14,3358.41,FILLED,116973.75
ETH,BUY,LIMIT,IOC,55.43400000,3370.66,3355.00,FILLED,186849.17
BTC,BUY,LIMIT,IOC,1.91600000,98211.80,97765.10,FILLED,188173.81
ETH,BUY,LIMIT,IOC,167.58500000,3388.01,3372.14,FILLED,567779.66
ADA,BUY,LIMIT,IOC,131134.00000000,1.05,1.04,FILLED,137896.58
ETH,BUY,LIMIT,IOC,112.51500000,3402.24,3386.78,FILLED,382803.03
DOGE,BUY,LIMIT,IOC,695435.00000000,0.43,0.43,FILLED,300319.43
ETH,BUY,LIMIT,IOC,32.61300000,3418.07,3402.37,FILLED,111473.52
BTC,BUY,LIMIT,IOC,1.32300000,98929.32,98480.75,FILLED,130883.49
ETH,BUY,LIMIT,IOC,40.96200000,3541.89,3526.47,FILLED,145082.90
ETHUSDC,BUY,LIMIT,IOC,70.00000000,3498.27,3483.82,FILLED,244878.90
ETH,BUY,LIMIT,IOC,53.48900000,3511.16,3494.84,FILLED,187808.44
BTC,BUY,LIMIT,IOC,1.06400000,94966.03,94558.80,FILLED,101043.86
DOGE,BUY,LIMIT,IOC,713940.00000000,0.41,0.41,FILLED,294376.02
ETH,BUY,LIMIT,IOC,58.29300000,3459.54,3444.37,FILLED,201666.97
ETH,SELL,LIMIT,IOC,300.00000000,3405.23,3423.43,FILLED,1021569.00
BTC,BUY,LIMIT,IOC,2.35100000,95074.71,94634.20,FILLED,223520.64
BTC,BUY,LIMIT,IOC,5.80100000,95454.01,95017.05,FILLED,553728.71
XLM,SELL,LIMIT,IOC,219941.00000000,0.46,0.47,FILLED,101390.60
DOGE,SELL,LIMIT,IOC,379825.00000000,0.40,0.40,FILLED,150556.93
BTCUSDC,SELL,LIMIT,IOC,2.42200000,93479.30,93921.80,FILLED,226406.86
ETH,SELL,LIMIT,IOC,32.97500000,3371.53,3386.43,FILLED,111176.20
XRP,SELL,LIMIT,IOC,72641.00000000,1.40,1.42,FILLED,101980.70
ENA,SELL,LIMIT,IOC,220008.00000000,0.58,0.59,FILLED,127682.87
WLD,SELL,LIMIT,IOC,49563.00000000,2.39,2.42,FILLED,118446.65
ETH,SELL,LIMIT,IOC,1151.80800000,3359.68,3382.93,FILLED,3869706.30
ETH,SELL,LIMIT,IOC,31.18600000,3364.16,3379.16,FILLED,104914.69
GOAT,SELL,LIMIT,IOC,139329.00000000,0.74,0.75,FILLED,102509.22
BTC,SELL,LIMIT,IOC,3.00000000,92482.96,92924.16,FILLED,277448.88
BTC,SELL,LIMIT,IOC,6.09900000,92427.31,92850.00,FILLED,563714.16
DOGE,SELL,LIMIT,IOC,373606.00000000,0.39,0.39,FILLED,144254.13
APT,SELL,LIMIT,IOC,10803.60000000,11.32,11.49,FILLED,122302.59
1000PEPE,SELL,LIMIT,IOC,10420288.00000000,0.02,0.02,FILLED,191766.64
DOGE,SELL,LIMIT,IOC,469969.00000000,0.39,0.39,FILLED,181263.28
SOL,SELL,LIMIT,IOC,1916.00000000,229.20,231.26,FILLED,439139.73
BNB,SELL,LIMIT,IOC,311.65000000,623.34,628.88,FILLED,194264.85
ETH,SELL,LIMIT,IOC,34.99500000,3341.03,3356.17,FILLED,116919.34
BTC,SELL,LIMIT,IOC,5.08600000,91979.13,92457.70,FILLED,467805.86
ADA,SELL,LIMIT,IOC,516227.00000000,0.91,0.92,FILLED,470546.07
BTC,BUY,LIMIT,IOC,1.25700000,93685.03,93262.70,FILLED,117762.08
ETH,BUY,LIMIT,IOC,40.54300000,3311.25,3296.46,FILLED,134248.01
BTC,SELL,LIMIT,IOC,1.99400000,91731.79,92167.90,FILLED,182913.19
ETH,SELL,LIMIT,IOC,60.91200000,3254.75,3269.93,FILLED,198253.33
ETH,SELL,LIMIT,IOC,83.05100000,3253.60,3267.88,FILLED,270214.73
BTC,SELL,LIMIT,IOC,1.55300000,91512.24,91956.20,FILLED,142118.51
BTC,SELL,LIMIT,IOC,1.41200000,91223.58,91633.00,FILLED,128807.69
BTC,SELL,LIMIT,IOC,6.52900000,91146.48,91592.70,FILLED,595095.37
BTCUSDC,SELL,LIMIT,IOC,1.48600000,90578.50,90943.00,FILLED,134599.65
BTC,BUY,LIMIT,IOC,1.19900000,91956.36,91564.60,FILLED,110255.68
DOGE,BUY,LIMIT,IOC,484858.00000000,0.39,0.39,FILLED,188591.82
BTC,BUY,LIMIT,IOC,1.95300000,92097.64,91694.98,FILLED,179866.69
TAO,BUY,LIMIT,IOC,185.62500000,559.97,554.40,FILLED,103944.43
BTCUSDC,SELL,LIMIT,IOC,5.16200000,90692.50,91101.70,FILLED,468154.68
1000PEPE,SELL,LIMIT,IOC,6916898.00000000,0.02,0.02,FILLED,124870.76
GOAT,SELL,LIMIT,IOC,221224.00000000,0.83,0.84,FILLED,182813.30
DOGE,BUY,LIMIT,IOC,458498.00000000,0.39,0.39,FILLED,179543.23
BTC,BUY,LIMIT,IOC,1.34200000,92920.81,92497.90,FILLED,124699.73
BTC,BUY,LIMIT,IOC,7.87000000,93457.95,93011.66,FILLED,735514.07
ETH,BUY,LIMIT,IOC,59.74900000,3416.70,3401.75,FILLED,204144.41
WIF,BUY,LIMIT,IOC,57163.50000000,3.10,3.06,FILLED,177187.30
ETH,BUY,LIMIT,IOC,119.90600000,3439.92,3423.93,FILLED,412467.05
SOL,SELL,LIMIT,IOC,942.00000000,227.18,229.02,FILLED,214005.16
RDNT,BUY,LIMIT,IOC,1373396.00000000,0.08,0.08,FILLED,110631.17
BTC,BUY,LIMIT,IOC,6.39800000,93718.54,93299.83,FILLED,599611.22
ETH,BUY,LIMIT,IOC,64.49500000,3451.03,3434.73,FILLED,222574.18
BTC,BUY,LIMIT,IOC,1.67500000,93788.70,93366.20,FILLED,157096.07
BTC,BUY,LIMIT,IOC,2.24300000,93995.82,93556.87,FILLED,210832.62
ETH,BUY,LIMIT,IOC,31.74500000,3599.17,3582.88,FILLED,114255.65
BTC,SELL,LIMIT,IOC,1.09700000,94529.57,94950.00,FILLED,103698.94
BIGTIME,SELL,LIMIT,IOC,1261672.00000000,0.16,0.16,FILLED,203517.03
FET,BUY,LIMIT,IOC,160210.00000000,1.75,1.73,FILLED,281015.50
NEAR,BUY,LIMIT,IOC,16008.00000000,7.16,7.06,FILLED,114654.10
1000PEPE,BUY,LIMIT,IOC,10303579.00000000,0.02,0.02,FILLED,205651.19
SOL,BUY,LIMIT,IOC,425.00000000,238.67,237.25,FILLED,101434.15
SOL,BUY,LIMIT,IOC,956.00000000,239.35,237.45,FILLED,228818.03
ADA,BUY,LIMIT,IOC,100000.00000000,1.05,1.04,FILLED,105364.00
BTC,BUY,LIMIT,IOC,1.20600000,96289.16,95863.00,FILLED,116124.73
BTCUSDC,BUY,LIMIT,IOC,1.43100000,96393.80,95988.60,FILLED,137939.53
ETH,BUY,LIMIT,IOC,44.05700000,3611.50,3596.02,FILLED,159111.86
ETH,SELL,LIMIT,IOC,36.65700000,3561.23,3577.55,FILLED,130544.01
XRP,BUY,LIMIT,IOC,486446.40000000,1.58,1.57,FILLED,769217.69
XRP,SELL,LIMIT,IOC,102755.20000000,1.52,1.53,FILLED,156280.38
ETH,BUY,LIMIT,IOC,50.16000000,3591.40,3574.89,FILLED,180144.62
ETH,BUY,LIMIT,IOC,210.64100000,3602.20,3584.24,FILLED,758771.01
ETH,BUY,LIMIT,IOC,78.02200000,3611.53,3595.32,FILLED,281778.79
DOGE,BUY,LIMIT,IOC,314268.00000000,0.41,0.41,FILLED,128896.08
1000PEPE,BUY,LIMIT,IOC,6134898.00000000,0.02,0.02,FILLED,124837.20
DOGE,BUY,LIMIT,IOC,407452.00000000,0.41,0.41,FILLED,167442.81
WIF,BUY,LIMIT,IOC,32850.00000000,3.25,3.21,FILLED,106657.99
NEIRO,SELL,LIMIT,IOC,65766691.00000000,0.00,0.00,FILLED,118347.16
ACT,BUY,LIMIT,IOC,440226.00000000,0.64,0.64,FILLED,281378.99
NEIRO,SELL,LIMIT,IOC,65021089.00000000,0.00,0.00,FILLED,115396.83
NEIRO,SELL,LIMIT,IOC,76214880.00000000,0.00,0.00,FILLED,133938.51
ADA,BUY,LIMIT,IOC,137925.00000000,1.08,1.07,FILLED,148914.86
UNI,SELL,LIMIT,IOC,8479.00000000,12.21,12.36,FILLED,103494.67
PYTH,SELL,LIMIT,IOC,252291.00000000,0.47,0.48,FILLED,117856.58
ACT,BUY,LIMIT,IOC,187997.00000000,0.62,0.62,FILLED,117091.07
EOS,BUY,LIMIT,IOC,285147.90000000,0.83,0.81,FILLED,235817.31
DOGE,BUY,LIMIT,IOC,440167.00000000,0.42,0.41,FILLED,182921.96
POPCAT,BUY,LIMIT,IOC,76976.00000000,1.36,1.34,FILLED,104683.75
XRP,BUY,LIMIT,IOC,82677.30000000,1.68,1.66,FILLED,138715.97
BTC,BUY,LIMIT,IOC,2.25000000,97293.89,96834.00,FILLED,218911.25
BTC,BUY,LIMIT,IOC,1.29400000,97361.29,96918.30,FILLED,125985.51
BTCUSDC,BUY,LIMIT,IOC,1.77000000,97845.30,97422.20,FILLED,173186.18
BTC,BUY,LIMIT,IOC,1.05400000,97826.59,97400.00,FILLED,103109.23
BTC,BUY,LIMIT,IOC,3.27700000,97860.83,97395.10,FILLED,320689.94
BTC,BUY,LIMIT,IOC,2.82200000,97861.88,97411.50,FILLED,276166.23
NEIRO,BUY,LIMIT,IOC,50995507.00000000,0.00,0.00,FILLED,103096.09
ETH,BUY,LIMIT,IOC,85.08500000,3620.16,3604.33,FILLED,308021.31
ETH,BUY,LIMIT,IOC,27.72300000,3629.93,3614.43,FILLED,100632.55
ETH,BUY,LIMIT,IOC,65.98800000,3633.63,3616.16,FILLED,239775.98
REN,BUY,LIMIT,IOC,8396249.00000000,0.07,0.07,FILLED,573127.96
DOGE,BUY,LIMIT,IOC,241876.00000000,0.41,0.41,FILLED,100036.04
KEY,BUY,LIMIT,IOC,48888234.00000000,0.00,0.00,FILLED,156681.90
BTC,SELL,LIMIT,IOC,2.58000000,96391.67,96850.67,FILLED,248690.51
DOGE,BUY,LIMIT,IOC,403229.00000000,0.42,0.42,FILLED,170408.61
ETH,BUY,LIMIT,IOC,67.15000000,3619.96,3603.96,FILLED,243080.31
BTC,BUY,LIMIT,IOC,2.26800000,97698.37,97250.00,FILLED,221579.90
BTCUSDC,BUY,LIMIT,IOC,1.30500000,97719.60,97290.70,FILLED,127524.08
ETHUSDC,BUY,LIMIT,IOC,36.53300000,3620.32,3606.04,FILLED,132261.15
ETH,BUY,LIMIT,IOC,39.80000000,3637.37,3620.73,FILLED,144767.33
BTC,BUY,LIMIT,IOC,6.44800000,97837.08,97393.78,FILLED,630853.49
BTC,BUY,LIMIT,IOC,53.34300000,98386.14,97657.52,FILLED,5248211.87
BTC,BUY,LIMIT,IOC,1.52300000,98244.13,97800.00,FILLED,149625.81
BTC,BUY,LIMIT,IOC,3.31300000,98405.57,97936.30,FILLED,326017.65
BTC,BUY,LIMIT,IOC,1.19700000,98362.95,97912.10,FILLED,117740.45
BTC,BUY,LIMIT,IOC,2.04500000,98498.49,98031.60,FILLED,201429.41
XRP,BUY,LIMIT,IOC,57165.80000000,1.76,1.74,FILLED,100531.78
ETH,BUY,LIMIT,IOC,55.45900000,3653.73,3637.56,FILLED,202632.21
BTC,BUY,LIMIT,IOC,3.00000000,98656.63,98198.71,FILLED,295969.89
BTC,BUY,LIMIT,IOC,2.36600000,98853.09,98424.96,FILLED,233886.41
BTC,SELL,LIMIT,IOC,1.31700000,97494.97,97947.30,FILLED,128400.88
ETH,SELL,LIMIT,IOC,42.05000000,3597.88,3614.72,FILLED,151290.85
BTC,BUY,LIMIT,IOC,1.49500000,98600.60,98145.90,FILLED,147407.90
ETH,SELL,LIMIT,IOC,59.14100000,3583.92,3600.53,FILLED,211956.61
SUI,SELL,LIMIT,IOC,35459.10000000,3.46,3.50,FILLED,122528.39
BTC,BUY,LIMIT,IOC,5.11800000,98853.85,98395.80,FILLED,505934.00
BTC,SELL,LIMIT,IOC,5.38300000,97002.27,97467.47,FILLED,522163.22
SOL,SELL,LIMIT,IOC,797.00000000,239.17,241.04,FILLED,190621.92
BTC,SELL,LIMIT,IOC,1.15400000,96786.03,97211.00,FILLED,111691.08
BTC,SELL,LIMIT,IOC,20.56000000,96569.03,97145.92,FILLED,1985459.26
BTC,SELL,LIMIT,IOC,4.26700000,96638.42,97107.90,FILLED,412356.14
BTC,BUY,LIMIT,IOC,1.13200000,97248.88,96810.30,FILLED,110085.73
XRP,BUY,LIMIT,IOC,100000.00000000,1.91,1.89,FILLED,190750.00
BTC,SELL,LIMIT,IOC,1.56900000,96043.40,96466.00,FILLED,150692.09
FIL,SELL,LIMIT,IOC,28674.60000000,6.93,6.98,FILLED,198657.63
WLD,SELL,LIMIT,IOC,33362.00000000,3.47,3.51,FILLED,115890.84
ETH,SELL,LIMIT,IOC,73.50000000,3686.84,3704.37,FILLED,270982.74
XRP,SELL,LIMIT,IOC,101364.30000000,1.87,1.89,FILLED,189419.47
SUI,SELL,LIMIT,IOC,48543.70000000,3.40,3.44,FILLED,164849.94
ETH,SELL,LIMIT,IOC,27.27800000,3673.99,3690.28,FILLED,100219.10
1000SHIB,BUY,LIMIT,IOC,5747301.00000000,0.03,0.03,FILLED,169907.46
1000SHIB,BUY,LIMIT,IOC,7506314.00000000,0.03,0.03,FILLED,220805.73
ETH,BUY,LIMIT,IOC,198.81700000,3741.50,3724.01,FILLED,743873.81
1000SHIB,BUY,LIMIT,IOC,5278000.00000000,0.03,0.03,FILLED,153737.58
SOL,SELL,LIMIT,IOC,957.00000000,234.22,236.04,FILLED,224148.54
WIF,SELL,LIMIT,IOC,62908.90000000,3.10,3.14,FILLED,195260.53
BOME,SELL,LIMIT,IOC,55636230.00000000,0.01,0.01,FILLED,515608.76
BTCUSDC,SELL,LIMIT,IOC,1.89900000,95612.70,96071.10,FILLED,181568.52
SUI,SELL,LIMIT,IOC,228267.10000000,3.29,3.35,FILLED,751035.05
FIL,SELL,LIMIT,IOC,26624.50000000,6.62,6.67,FILLED,176200.94
BTC,SELL,LIMIT,IOC,5.34500000,95395.97,95861.00,FILLED,509891.46
BTC,SELL,LIMIT,IOC,3.89700000,95398.11,95861.00,FILLED,371766.43
BTC,SELL,LIMIT,IOC,5.01500000,95419.09,95849.21,FILLED,478526.74
SOL,SELL,LIMIT,IOC,448.00000000,233.60,234.87,FILLED,104651.28
XRP,SELL,LIMIT,IOC,120395.30000000,1.84,1.86,FILLED,220949.45
MOODENG,SELL,LIMIT,IOC,311752.00000000,0.34,0.34,FILLED,105398.30
SOL,SELL,LIMIT,IOC,3285.00000000,232.15,234.31,FILLED,762609.14
ADA,SELL,LIMIT,IOC,100000.00000000,1.03,1.04,FILLED,102662.00
WIF,SELL,LIMIT,IOC,35074.40000000,3.03,3.07,FILLED,106360.85
ETH,BUY,LIMIT,IOC,156.76300000,3710.03,3693.02,FILLED,581595.43
BTC,BUY,LIMIT,IOC,2.10200000,96873.23,96428.10,FILLED,203627.53
ETH,BUY,LIMIT,IOC,378.47600000,3714.44,3694.17,FILLED,1405826.39
ETH,BUY,LIMIT,IOC,27.94500000,3715.77,3700.00,FILLED,103837.19
ETHUSDC,BUY,LIMIT,IOC,44.00000000,3717.91,3702.18,FILLED,163588.04
DOGE,SELL,LIMIT,IOC,280034.00000000,0.42,0.43,FILLED,118337.61
WIF,SELL,LIMIT,IOC,64401.80000000,3.04,3.09,FILLED,196049.76
WIF,SELL,LIMIT,IOC,40132.50000000,3.03,3.07,FILLED,121521.92
BTC,SELL,LIMIT,IOC,4.64500000,95750.09,96221.10,FILLED,444759.17
FIL,SELL,LIMIT,IOC,18507.60000000,7.02,7.08,FILLED,129997.38
BTC,SELL,LIMIT,IOC,7.00000000,94656.42,95137.08,FILLED,662594.94
DOGE,SELL,LIMIT,IOC,500000.00000000,0.41,0.41,FILLED,205450.00
SEI,SELL,LIMIT,IOC,171998.00000000,0.59,0.60,FILLED,102275.14
BTC,SELL,LIMIT,IOC,2.96300000,94675.23,95126.20,FILLED,280522.71
NEAR,SELL,LIMIT,IOC,38157.00000000,6.46,6.56,FILLED,246444.62
BTCUSDC,BUY,LIMIT,IOC,1.42000000,96268.80,95865.80,FILLED,136701.70
BTC,BUY,LIMIT,IOC,3.48400000,96414.69,95969.81,FILLED,335908.78
BTC,BUY,LIMIT,IOC,1.40000000,96397.91,96005.69,FILLED,134957.07
XRP,BUY,LIMIT,IOC,71490.50000000,2.83,2.80,FILLED,202361.01
LTCUSDC,BUY,LIMIT,IOC,930.55200000,137.89,136.47,FILLED,128313.82
LINK,BUY,LIMIT,IOC,15185.39000000,26.23,25.93,FILLED,398267.22
BTC,SELL,LIMIT,IOC,3.54900000,95299.68,95762.17,FILLED,338218.56
ETH,BUY,LIMIT,IOC,59.34200000,3643.11,3626.69,FILLED,216189.43
PNUT,BUY,LIMIT,IOC,129442.00000000,1.31,1.29,FILLED,170021.46
HBAR,BUY,LIMIT,IOC,480643.00000000,0.32,0.31,FILLED,151503.48
HBAR,BUY,LIMIT,IOC,559457.00000000,0.32,0.32,FILLED,179636.05
XRP,BUY,LIMIT,IOC,58528.00000000,2.80,2.78,FILLED,163948.63
ETH,BUY,LIMIT,IOC,29.13100000,3652.55,3636.64,FILLED,106402.43
ADA,BUY,LIMIT,IOC,75867.00000000,1.34,1.33,FILLED,101783.17
NEAR,BUY,LIMIT,IOC,14944.00000000,7.49,7.38,FILLED,111902.17
SUI,BUY,LIMIT,IOC,56640.70000000,3.51,3.47,FILLED,198913.53
BCH,BUY,LIMIT,IOC,244.20100000,553.21,547.50,FILLED,135094.44
DOGE,BUY,LIMIT,IOC,239748.00000000,0.43,0.43,FILLED,102680.71
BIGTIME,BUY,LIMIT,IOC,1605469.00000000,0.21,0.20,FILLED,330302.29
DOGE,BUY,LIMIT,IOC,752303.00000000,0.43,0.43,FILLED,323479.76
FIL,SELL,LIMIT,IOC,14003.20000000,7.32,7.37,FILLED,102503.42
ETH,SELL,LIMIT,IOC,28.29500000,3618.71,3634.58,FILLED,102391.40
XRP,SELL,LIMIT,IOC,43241.20000000,2.60,2.62,FILLED,112448.74
XRP,SELL,LIMIT,IOC,43779.60000000,2.59,2.62,FILLED,113546.77
ETH,SELL,LIMIT,IOC,82.00700000,3614.11,3630.94,FILLED,296382.32
XRPUSDC,SELL,LIMIT,IOC,39571.50000000,2.59,2.61,FILLED,102308.16
BIGTIME,SELL,LIMIT,IOC,570216.00000000,0.20,0.20,FILLED,111617.27
ETH,SELL,LIMIT,IOC,39.36300000,3608.16,3625.22,FILLED,142028.00
XRP,SELL,LIMIT,IOC,46812.30000000,2.51,2.53,FILLED,117269.49
XRP,SELL,LIMIT,IOC,65362.10000000,2.51,2.53,FILLED,164143.84
HBAR,BUY,LIMIT,IOC,283360.00000000,0.35,0.35,FILLED,100000.58
1000PEPE,SELL,LIMIT,IOC,5600621.00000000,0.02,0.02,FILLED,112898.44
BTCUSDC,SELL,LIMIT,IOC,1.07400000,95009.40,95426.30,FILLED,102040.10
CFX,SELL,LIMIT,IOC,2064952.00000000,0.23,0.23,FILLED,469579.38
BIGTIME,SELL,LIMIT,IOC,636281.00000000,0.19,0.19,FILLED,118046.73
ETHUSDC,SELL,LIMIT,IOC,80.80500000,3589.56,3604.45,FILLED,290054.40
UNI,SELL,LIMIT,IOC,13997.00000000,13.10,13.31,FILLED,183408.29
ETH,SELL,LIMIT,IOC,46.78200000,3505.11,3518.64,FILLED,163976.06
BTC,SELL,LIMIT,IOC,1.60000000,93377.74,93800.00,FILLED,149404.38
CRV,SELL,LIMIT,IOC,418410.00000000,0.84,0.86,FILLED,353556.45
SOL,SELL,LIMIT,IOC,1364.00000000,213.96,215.68,FILLED,291839.94
1000SHIBUSDC,SELL,LIMIT,IOC,4177787.00000000,0.03,0.03,FILLED,111420.33
ETH,SELL,LIMIT,IOC,107.00000000,3495.95,3511.47,FILLED,374066.65
SOL,SELL,LIMIT,IOC,1143.00000000,213.96,215.79,FILLED,244558.91
ENS,SELL,LIMIT,IOC,2903.70000000,37.17,37.86,FILLED,107942.14
BTCUSDC,SELL,LIMIT,IOC,1.24900000,93317.30,93735.80,FILLED,116553.31
BIGTIME,SELL,LIMIT,IOC,1121485.00000000,0.17,0.17,FILLED,191819.02
BTC,SELL,LIMIT,IOC,1.21500000,93286.45,93708.50,FILLED,113343.04
XRP,SELL,LIMIT,IOC,45518.20000000,2.34,2.34,FILLED,106603.62
LTCUSDC,SELL,LIMIT,IOC,1300.00000000,120.48,121.69,FILLED,156624.00
ETH,SELL,LIMIT,IOC,168.35400000,3491.18,3507.65,FILLED,587754.12
ENA,SELL,LIMIT,IOC,319219.00000000,0.76,0.77,FILLED,242416.98
AVAX,SELL,LIMIT,IOC,2494.00000000,47.42,47.93,FILLED,118268.97
LINK,SELL,LIMIT,IOC,5254.10000000,22.50,22.65,FILLED,118222.50
ETH,SELL,LIMIT,IOC,39.91200000,3498.68,3513.92,FILLED,139639.32
FET,SELL,LIMIT,IOC,68882.00000000,1.75,1.78,FILLED,120494.20
ETH,BUY,LIMIT,IOC,50.64900000,3599.19,3583.12,FILLED,182295.37
BTC,SELL,LIMIT,IOC,1.14000000,94946.67,95394.50,FILLED,108239.20
TRX,SELL,LIMIT,IOC,825784.00000000,0.41,0.42,FILLED,342634.30
1000PEPE,BUY,LIMIT,IOC,10259843.00000000,0.02,0.02,FILLED,215176.61
XRP,BUY,LIMIT,IOC,50995.30000000,2.58,2.56,FILLED,131700.46
LDO,BUY,LIMIT,IOC,59000.00000000,2.08,2.06,FILLED,122822.78
EOS,SELL,LIMIT,IOC,93721.40000000,1.37,1.38,FILLED,128023.43
ETH,BUY,LIMIT,IOC,86.81200000,3654.59,3637.86,FILLED,317262.27
BNB,BUY,LIMIT,IOC,143.48000000,769.74,764.05,FILLED,110442.87
BTC,BUY,LIMIT,IOC,2.00000000,96486.31,96043.60,FILLED,192972.62
EOS,BUY,LIMIT,IOC,140361.50000000,1.48,1.47,FILLED,207735.02
1000PEPE,SELL,LIMIT,IOC,9633911.00000000,0.02,0.02,FILLED,195566.47
ETH,BUY,LIMIT,IOC,46.26300000,3707.49,3697.43,FILLED,171519.61
SUI,SELL,LIMIT,IOC,53908.30000000,3.56,3.61,FILLED,191880.12
ETH,SELL,LIMIT,IOC,67.05900000,3660.89,3677.79,FILLED,245495.62
BTC,BUY,LIMIT,IOC,1.16000000,96624.37,96216.80,FILLED,112084.27
BTCUSDC,BUY,LIMIT,IOC,1.12200000,96934.80,96550.70,FILLED,108760.85
ETH,SELL,LIMIT,IOC,46.24200000,3655.35,3672.30,FILLED,169030.69
ETH,SELL,LIMIT,IOC,28.25100000,3639.37,3655.85,FILLED,102815.84
1000PEPE,SELL,LIMIT,IOC,14421250.00000000,0.02,0.02,FILLED,293913.73
DOGE,SELL,LIMIT,IOC,540000.00000000,0.41,0.41,FILLED,221607.36
BCH,SELL,LIMIT,IOC,180.42500000,556.18,560.85,FILLED,100348.78
BTC,BUY,LIMIT,IOC,5.00000000,96345.27,95869.00,FILLED,481726.35
BTC,BUY,LIMIT,IOC,1.30000000,97112.22,96695.70,FILLED,126245.89
CRV,BUY,LIMIT,IOC,287000.90000000,1.08,1.06,FILLED,309673.97
AVAX,BUY,LIMIT,IOC,3000.00000000,55.11,54.39,FILLED,165326.10
AAVE,BUY,LIMIT,IOC,500.00000000,248.68,244.85,FILLED,124342.00
BTC,BUY,LIMIT,IOC,2.00000000,96975.43,96534.00,FILLED,193950.86
NEIRO,SELL,LIMIT,IOC,60000000.00000000,0.00,0.00,FILLED,102024.60
WIF,SELL,LIMIT,IOC,35000.00000000,3.29,3.34,FILLED,115238.45
ETH,BUY,LIMIT,IOC,75.00000000,3720.38,3703.03,FILLED,279028.50
BTC,BUY,LIMIT,IOC,6.00000000,97106.10,96631.75,FILLED,582636.60
ETH,BUY,LIMIT,IOC,55.55500000,3725.63,3708.46,FILLED,206977.37
ETH,BUY,LIMIT,IOC,35.20000000,3758.68,3742.38,FILLED,132305.54
ETH,BUY,LIMIT,IOC,150.00000000,3850.49,3832.74,FILLED,577573.50
BTC,BUY,LIMIT,IOC,10.00000000,96348.74,95823.86,FILLED,963487.40
ETH,BUY,LIMIT,IOC,159.14200000,3850.79,3832.99,FILLED,612822.42
BTC,BUY,LIMIT,IOC,3.62500000,96636.90,96177.50,FILLED,350308.76
BNB,BUY,LIMIT,IOC,275.99000000,744.25,737.85,FILLED,205405.83
HBAR,BUY,LIMIT,IOC,361953.00000000,0.30,0.30,FILLED,109910.65
ETH,BUY,LIMIT,IOC,30.00000000,3850.53,3833.50,FILLED,115515.90
ETH,BUY,LIMIT,IOC,37.29100000,3858.48,3840.91,FILLED,143886.58
BTC,BUY,LIMIT,IOC,3.64300000,97185.93,96717.00,FILLED,354048.34
BTC,BUY,LIMIT,IOC,1.15000000,97311.31,96882.10,FILLED,111908.01
BTC,BUY,LIMIT,IOC,1.12400000,97458.57,97022.30,FILLED,109543.43
BTC,BUY,LIMIT,IOC,2.60000000,97843.49,97388.00,FILLED,254393.07
BTC,BUY,LIMIT,IOC,2.78600000,97857.96,97393.80,FILLED,272632.28
ETH,BUY,LIMIT,IOC,98.17000000,3862.98,3844.87,FILLED,379228.75
BTC,BUY,LIMIT,IOC,1.30400000,98110.75,97707.80,FILLED,127936.42
BTCUSDC,BUY,LIMIT,IOC,1.05900000,98290.00,97899.40,FILLED,104089.11
BTC,BUY,LIMIT,IOC,5.95700000,98435.60,97961.33,FILLED,586380.87
BTC,BUY,LIMIT,IOC,1.35200000,98413.00,97964.50,FILLED,133054.38
BTC,BUY,LIMIT,IOC,1.98300000,98416.11,97947.60,FILLED,195159.15
SOL,BUY,LIMIT,IOC,601.00000000,234.92,233.38,FILLED,141188.06
BTCUSDC,BUY,LIMIT,IOC,3.08800000,98768.50,98390.90,FILLED,304997.13
ETHUSDC,BUY,LIMIT,IOC,33.95700000,3898.47,3881.52,FILLED,132380.35
BTCUSDC,BUY,LIMIT,IOC,1.31400000,98829.40,98393.10,FILLED,129861.83
ETH,BUY,LIMIT,IOC,40.00000000,3901.71,3883.16,FILLED,156068.40
BTC,BUY,LIMIT,IOC,3.00000000,98914.22,98440.01,FILLED,296742.66
BTCUSDC,BUY,LIMIT,IOC,2.20000000,99041.70,98593.70,FILLED,217891.74
BTC,BUY,LIMIT,IOC,4.55300000,98920.53,98541.67,FILLED,450385.17
SOL,BUY,LIMIT,IOC,458.00000000,236.14,234.64,FILLED,108151.20
BTC,BUY,LIMIT,IOC,1.11700000,99146.75,98689.70,FILLED,110746.92
BTC,BUY,LIMIT,IOC,4.46100000,99449.56,98975.10,FILLED,443644.49
LINK,SELL,LIMIT,IOC,7143.65000000,23.80,24.12,FILLED,169983.15
BTC,SELL,LIMIT,IOC,1.52500000,97853.99,98327.90,FILLED,149227.33
NEIRO,SELL,LIMIT,IOC,92028006.00000000,0.00,0.00,FILLED,155342.35
SOL,BUY,LIMIT,IOC,432.00000000,235.94,234.59,FILLED,101924.52
FIL,BUY,LIMIT,IOC,17012.40000000,8.46,8.40,FILLED,143924.90
BTC,BUY,LIMIT,IOC,1.40000000,98833.48,98387.20,FILLED,138366.87
BTC,BUY,LIMIT,IOC,1.16000000,98877.08,98481.43,FILLED,114697.41
MOODENG,SELL,LIMIT,IOC,299087.00000000,0.46,0.46,FILLED,136607.60
ETH,SELL,LIMIT,IOC,99.26800000,3826.39,3845.11,FILLED,379838.08
XRP,SELL,LIMIT,IOC,49182.30000000,2.34,2.36,FILLED,115061.99
ETH,SELL,LIMIT,IOC,97.36300000,3842.45,3861.77,FILLED,374112.46
BTC,BUY,LIMIT,IOC,2.67100000,99491.09,99030.60,FILLED,265740.70
BTC,BUY,LIMIT,IOC,10.37100000,99581.24,99040.10,FILLED,1032757.04
ETH,SELL,LIMIT,IOC,93.67600000,3804.95,3823.57,FILLED,356432.50
BTCUSDC,BUY,LIMIT,IOC,2.03100000,99825.60,99447.60,FILLED,202745.79
BTC,BUY,LIMIT,IOC,1.03300000,99910.29,99480.00,FILLED,103207.33
BTC,BUY,LIMIT,IOC,6.06100000,100001.54,99540.85,FILLED,606109.33
BTC,BUY,LIMIT,IOC,1.05000000,99984.23,99616.34,FILLED,104983.44
ETH,BUY,LIMIT,IOC,466.00000000,3869.27,3847.78,FILLED,1803079.82
BTC,BUY,LIMIT,IOC,2.75000000,100420.23,100117.22,FILLED,276155.63
BTC,BUY,LIMIT,IOC,4.90800000,100612.48,100436.24,FILLED,493806.05
SOL,BUY,LIMIT,IOC,529.00000000,230.68,229.23,FILLED,122029.40
ETH,BUY,LIMIT,IOC,57.62100000,3870.59,3854.95,FILLED,223027.27
DOGE,BUY,LIMIT,IOC,270210.00000000,0.43,0.43,FILLED,115951.16
BTCUSDC,BUY,LIMIT,IOC,1.60200000,101076.10,100860.00,FILLED,161923.91
ETH,BUY,LIMIT,IOC,54.04500000,3858.42,3843.28,FILLED,208528.31
BTC,BUY,LIMIT,IOC,21.68600000,101772.13,101687.62,FILLED,2207030.41
SOL,BUY,LIMIT,IOC,426.00000000,235.02,233.70,FILLED,100117.50
AVAX,BUY,LIMIT,IOC,3635.00000000,52.44,51.90,FILLED,190633.58
BTCUSDC,BUY,LIMIT,IOC,1.10100000,102080.20,101885.00,FILLED,112390.30
ETH,BUY,LIMIT,IOC,28.90300000,3880.16,3865.00,FILLED,112148.26
BTC,BUY,LIMIT,IOC,1.14200000,102250.04,102067.24,FILLED,116769.55
XRP,BUY,LIMIT,IOC,65787.80000000,2.40,2.38,FILLED,157923.61
BTCUSDC,SELL,LIMIT,IOC,4.80000000,100762.80,101203.80,FILLED,483661.44
BTC,SELL,LIMIT,IOC,2.12000000,100649.94,101111.67,FILLED,213377.87
BTC,BUY,LIMIT,IOC,1.82200000,102306.04,101819.02,FILLED,186401.60
BTC,BUY,LIMIT,IOC,1.64900000,102643.55,102194.84,FILLED,169259.21
ETH,BUY,LIMIT,IOC,30.00000000,3918.99,3901.73,FILLED,117569.70
ETHUSDC,BUY,LIMIT,IOC,26.81300000,3920.62,3905.73,FILLED,105123.58
BTCUSDC,BUY,LIMIT,IOC,2.08100000,102739.00,102275.50,FILLED,213799.86
SOL,BUY,LIMIT,IOC,645.00000000,235.92,234.69,FILLED,152166.27
SUI,BUY,LIMIT,IOC,51102.20000000,3.93,3.88,FILLED,200815.40
SOL,BUY,LIMIT,IOC,860.00000000,236.89,235.02,FILLED,203724.97
1000PEPE,BUY,LIMIT,IOC,9800000.00000000,0.02,0.02,FILLED,211436.96
DOGE,BUY,LIMIT,IOC,400000.00000000,0.44,0.43,FILLED,175232.40
SOL,BUY,LIMIT,IOC,5500.00000000,238.21,235.30,FILLED,1310173.15
BTC,BUY,LIMIT,IOC,2.82100000,103509.70,103200.05,FILLED,292000.86
ETH,BUY,LIMIT,IOC,182.60000000,3918.75,3899.98,FILLED,715563.75
DOGE,BUY,LIMIT,IOC,264509.00000000,0.45,0.44,FILLED,117907.53
SOL,BUY,LIMIT,IOC,844.00000000,240.60,238.80,FILLED,203062.35
ETH,SELL,LIMIT,IOC,34.00000000,3832.86,3850.12,FILLED,130317.24
DOGE,SELL,LIMIT,IOC,297194.00000000,0.43,0.44,FILLED,128937.02
ETH,BUY,LIMIT,IOC,33.74500000,3888.19,3872.35,FILLED,131206.97
RENDER,SELL,LIMIT,IOC,11080.50000000,10.18,10.36,FILLED,112813.25
1000PEPE,BUY,LIMIT,IOC,7914889.00000000,0.02,0.02,FILLED,174663.40
BTC,BUY,LIMIT,IOC,3.01600000,103841.03,103353.74,FILLED,313184.55
SUI,SELL,LIMIT,IOC,28208.90000000,3.70,3.75,FILLED,104432.87
DOGE,SELL,LIMIT,IOC,1033743.00000000,0.44,0.45,FILLED,458323.40
DOGE,SELL,LIMIT,IOC,754310.00000000,0.44,0.44,FILLED,331553.19
BTC,SELL,LIMIT,IOC,5.79800000,101582.25,102057.20,FILLED,588973.89
BTC,SELL,LIMIT,IOC,5.84100000,101361.95,101860.21,FILLED,592055.15
BTCUSDC,SELL,LIMIT,IOC,1.21200000,101508.70,101977.40,FILLED,123028.54
BTC,SELL,LIMIT,IOC,1.00000000,101198.45,101650.50,FILLED,101198.45
SOL,SELL,LIMIT,IOC,1999.00000000,229.92,232.04,FILLED,459607.68
MOODENG,BUY,LIMIT,IOC,292395.00000000,0.54,0.53,FILLED,156854.74
1000PEPE,SELL,LIMIT,IOC,5377564.00000000,0.03,0.03,FILLED,137057.97
DOGE,BUY,LIMIT,IOC,334011.00000000,0.49,0.48,FILLED,163077.20
NEAR,SELL,LIMIT,IOC,14301.00000000,7.55,7.65,FILLED,107933.94
1000PEPE,SELL,LIMIT,IOC,5642760.00000000,0.03,0.03,FILLED,144950.65
ENA,SELL,LIMIT,IOC,154965.00000000,0.99,1.00,FILLED,153222.14
TIA,SELL,LIMIT,IOC,18101.00000000,8.17,8.30,FILLED,147856.90
ETH,SELL,LIMIT,IOC,150.04400000,3959.18,3978.12,FILLED,594051.20
APE,SELL,LIMIT,IOC,60939.00000000,1.82,1.84,FILLED,110939.45
ETH,SELL,LIMIT,IOC,95.55200000,3954.48,3973.01,FILLED,377858.47
SUI,SELL,LIMIT,IOC,24214.60000000,4.21,4.26,FILLED,101822.73
DOGE,SELL,LIMIT,IOC,1576117.00000000,0.46,0.47,FILLED,726602.55
NEIRO,SELL,LIMIT,IOC,79563408.00000000,0.00,0.00,FILLED,151780.73
1000PEPE,BUY,LIMIT,IOC,4378574.00000000,0.03,0.03,FILLED,110386.04
BTC,BUY,LIMIT,IOC,3.39600000,96920.18,96472.01,FILLED,329140.93
AVAX,BUY,LIMIT,IOC,3472.00000000,44.06,43.79,FILLED,152977.36
WIF,BUY,LIMIT,IOC,42026.40000000,2.95,2.92,FILLED,123798.38
APE,BUY,LIMIT,IOC,83528.00000000,1.43,1.42,FILLED,119453.39
SOL,BUY,LIMIT,IOC,475.00000000,218.55,217.47,FILLED,103811.82
ETH,SELL,LIMIT,IOC,49.71800000,3676.44,3690.40,FILLED,182785.24
1000PEPE,BUY,LIMIT,IOC,7348518.00000000,0.03,0.03,FILLED,198875.88
1000PEPE,SELL,LIMIT,IOC,4194598.00000000,0.03,0.03,FILLED,110995.77
ETH,BUY,LIMIT,IOC,33.25800000,3726.75,3711.23,FILLED,123944.25
ETH,BUY,LIMIT,IOC,175.92900000,3731.63,3710.09,FILLED,656501.93
ADA,BUY,LIMIT,IOC,151256.00000000,1.02,1.01,FILLED,154423.30
SOL,BUY,LIMIT,IOC,1036.00000000,219.49,217.84,FILLED,227388.64
TROY,BUY,LIMIT,IOC,25536835.00000000,0.00,0.00,FILLED,104274.56
1000PEPE,BUY,LIMIT,IOC,8480505.00000000,0.03,0.03,FILLED,223139.90
1000PEPE,SELL,LIMIT,IOC,7600036.00000000,0.03,0.03,FILLED,194773.72
BTC,BUY,LIMIT,IOC,1.09000000,98546.70,98120.70,FILLED,107415.90
WIF,SELL,LIMIT,IOC,65479.80000000,2.99,3.03,FILLED,195815.71
1000PEPE,SELL,LIMIT,IOC,6000000.00000000,0.02,0.02,FILLED,146697.60
ETH,SELL,LIMIT,IOC,28.91400000,3721.82,3737.71,FILLED,107612.70
1000PEPE,SELL,LIMIT,IOC,11554975.00000000,0.02,0.02,FILLED,278298.11
1000PEPE,SELL,LIMIT,IOC,5517080.00000000,0.02,0.02,FILLED,132671.98
NEIRO,SELL,LIMIT,IOC,92485549.00000000,0.00,0.00,FILLED,155992.60
DOGE,SELL,LIMIT,IOC,1562397.00000000,0.40,0.41,FILLED,628557.00
BTC,SELL,LIMIT,IOC,11.00000000,97267.49,97725.28,FILLED,1069942.39
ETH,SELL,LIMIT,IOC,39.48300000,3711.37,3728.07,FILLED,146536.02
DOGE,SELL,LIMIT,IOC,533051.00000000,0.40,0.40,FILLED,213365.92
DOGE,SELL,LIMIT,IOC,364907.00000000,0.40,0.40,FILLED,145764.29
APT,SELL,LIMIT,IOC,13711.30000000,11.53,11.70,FILLED,158062.22
ETH,SELL,LIMIT,IOC,164.46600000,3705.28,3722.70,FILLED,609392.58
AVAX,SELL,LIMIT,IOC,3605.00000000,44.24,44.72,FILLED,159491.33
1000SHIB,SELL,LIMIT,IOC,5303677.00000000,0.03,0.03,FILLED,138473.70
XRP,SELL,LIMIT,IOC,63250.20000000,2.15,2.17,FILLED,135912.03
1000PEPE,SELL,LIMIT,IOC,11342239.00000000,0.02,0.02,FILLED,267496.50
ETH,SELL,LIMIT,IOC,53.00000000,3692.36,3709.75,FILLED,195695.08
1MBABYDOGE,SELL,LIMIT,IOC,54105650.00000000,0.00,0.01,FILLED,268299.10
DOGE,SELL,LIMIT,IOC,539229.00000000,0.39,0.40,FILLED,212834.23
BTC,SELL,LIMIT,IOC,1.04200000,96308.44,96732.70,FILLED,100353.39
BTC,SELL,LIMIT,IOC,7.92800000,96178.29,96695.04,FILLED,762501.48
BTC,SELL,LIMIT,IOC,1.54600000,95915.87,96332.11,FILLED,148285.94
POL,SELL,LIMIT,IOC,791759.00000000,0.54,0.55,FILLED,426987.00
SOL,SELL,LIMIT,IOC,2491.00000000,208.27,209.97,FILLED,518810.28
DOGE,SELL,LIMIT,IOC,862928.00000000,0.39,0.39,FILLED,333337.01
DOGE,SELL,LIMIT,IOC,545890.00000000,0.39,0.39,FILLED,210585.26
XRP,SELL,LIMIT,IOC,62977.50000000,2.07,2.09,FILLED,130319.34
SUI,SELL,LIMIT,IOC,49216.20000000,3.55,3.60,FILLED,174694.58
ETHUSDC,SELL,LIMIT,IOC,30.21100000,3640.00,3655.61,FILLED,109968.04
LISTA,SELL,LIMIT,IOC,406502.00000000,0.48,0.50,FILLED,193980.36
MASK,SELL,LIMIT,IOC,117194.00000000,3.11,3.18,FILLED,364719.45
NULS,SELL,LIMIT,IOC,248222.00000000,0.44,0.45,FILLED,108383.83
1000PEPE,SELL,LIMIT,IOC,5387819.00000000,0.02,0.02,FILLED,121819.13
1000SHIB,SELL,LIMIT,IOC,5528527.00000000,0.03,0.03,FILLED,139683.76
ATOM,SELL,LIMIT,IOC,26318.69000000,7.82,7.87,FILLED,205917.43
ETH,SELL,LIMIT,IOC,39.79000000,3623.80,3640.79,FILLED,144191.00
SEI,SELL,LIMIT,IOC,275994.00000000,0.52,0.53,FILLED,143340.16
ETH,SELL,LIMIT,IOC,52.32500000,3603.64,3620.02,FILLED,188560.46
ETH,SELL,LIMIT,IOC,819.28300000,3597.32,3618.40,FILLED,2947223.12
DOGE,BUY,LIMIT,IOC,479589.00000000,0.40,0.40,FILLED,191514.75
ETH,SELL,LIMIT,IOC,189.00000000,3638.25,3656.62,FILLED,687629.25
ETH,SELL,LIMIT,IOC,33.98600000,3622.33,3639.35,FILLED,123108.51
ETH,BUY,LIMIT,IOC,29.09400000,3716.08,3703.04,FILLED,108115.63
ATOM,BUY,LIMIT,IOC,12776.22000000,8.37,8.27,FILLED,106949.74
BTC,SELL,LIMIT,IOC,2.10300000,96097.82,96550.20,FILLED,202093.72
ALGO,SELL,LIMIT,IOC,280000.00000000,0.41,0.42,FILLED,116060.00
DOGE,BUY,LIMIT,IOC,304626.00000000,0.38,0.38,FILLED,117104.33
BTC,BUY,LIMIT,IOC,1.05200000,96008.66,95625.00,FILLED,101001.11
XRP,BUY,LIMIT,IOC,77642.20000000,2.08,2.06,FILLED,161340.49
BTC,BUY,LIMIT,IOC,1.05100000,96214.81,95789.60,FILLED,101121.77
ETH,BUY,LIMIT,IOC,51.53100000,3630.17,3613.67,FILLED,187066.29
BTC,BUY,LIMIT,IOC,14.52400000,96396.33,95896.21,FILLED,1400060.30
SOL,BUY,LIMIT,IOC,609.00000000,213.60,212.21,FILLED,130084.78
XRP,BUY,LIMIT,IOC,80000.00000000,2.11,2.09,FILLED,168768.00
1000PEPE,BUY,LIMIT,IOC,5168626.00000000,0.02,0.02,FILLED,124313.21
XRP,BUY,LIMIT,IOC,117671.70000000,2.29,2.27,FILLED,269221.08
XRP,BUY,LIMIT,IOC,53247.70000000,2.29,2.27,FILLED,121841.39
ETH,SELL,LIMIT,IOC,53.02800000,3577.42,3593.63,FILLED,189703.43
BTC,SELL,LIMIT,IOC,4.98200000,95547.20,96005.45,FILLED,476016.15
BTC,BUY,LIMIT,IOC,2.00000000,96779.95,96338.80,FILLED,193559.90
XRP,SELL,LIMIT,IOC,58564.30000000,2.27,2.29,FILLED,132858.97
DOGE,SELL,LIMIT,IOC,403311.00000000,0.38,0.38,FILLED,153447.33
1000SHIB,SELL,LIMIT,IOC,5472255.00000000,0.03,0.03,FILLED,142492.05
BTC,SELL,LIMIT,IOC,3.00000000,95900.76,96321.32,FILLED,287702.28
DOGE,SELL,LIMIT,IOC,762387.00000000,0.38,0.38,FILLED,287053.19
GALA,SELL,LIMIT,IOC,2989060.00000000,0.04,0.04,FILLED,130083.89
BTC,SELL,LIMIT,IOC,2.46000000,95608.94,96050.68,FILLED,235197.99
ETH,BUY,LIMIT,IOC,46.67800000,3620.82,3604.67,FILLED,169012.64
ADA,BUY,LIMIT,IOC,205217.00000000,1.01,1.00,FILLED,207710.39
ORDI,BUY,LIMIT,IOC,3571.20000000,33.73,33.44,FILLED,120470.83
ETH,BUY,LIMIT,IOC,41.05500000,3642.62,3626.67,FILLED,149547.76
ETH,BUY,LIMIT,IOC,35.21700000,3648.30,3632.82,FILLED,128482.18
ETH,BUY,LIMIT,IOC,61.71400000,3654.53,3637.55,FILLED,225535.66
1000PEPE,BUY,LIMIT,IOC,9190754.00000000,0.02,0.02,FILLED,209626.39
ETH,BUY,LIMIT,IOC,474.46700000,3678.16,3658.81,FILLED,1745165.54
BTC,BUY,LIMIT,IOC,7.03800000,98037.00,97572.98,FILLED,689984.41
ENA,BUY,LIMIT,IOC,145559.00000000,0.92,0.91,FILLED,133808.20
BTC,BUY,LIMIT,IOC,2.15800000,98056.67,97618.70,FILLED,211606.29
UNI,BUY,LIMIT,IOC,6500.00000000,16.00,15.82,FILLED,104018.85
SUI,BUY,LIMIT,IOC,29265.00000000,4.27,4.21,FILLED,124939.34
BTC,BUY,LIMIT,IOC,0.99700000,101154.44,100735.30,FILLED,100850.98
ETH,SELL,LIMIT,IOC,27.00000000,3786.39,3802.08,FILLED,102232.53
SUI,BUY,LIMIT,IOC,47214.10000000,4.40,4.34,FILLED,207871.50
BTC,BUY,LIMIT,IOC,1.92900000,101686.94,101209.68,FILLED,196154.11
BNB,BUY,LIMIT,IOC,164.56000000,713.73,708.19,FILLED,117450.92
DOGE,SELL,LIMIT,IOC,295047.00000000,0.40,0.41,FILLED,119073.89
1000PEPE,SELL,LIMIT,IOC,4474451.00000000,0.02,0.02,FILLED,110472.41
1000PEPE,BUY,LIMIT,IOC,4930272.00000000,0.03,0.03,FILLED,126955.49
SOL,BUY,LIMIT,IOC,1589.00000000,230.35,228.79,FILLED,366021.22
BTC,BUY,LIMIT,IOC,1.00000000,101940.74,101492.50,FILLED,101940.74
ETH,BUY,LIMIT,IOC,52.90100000,3899.18,3882.22,FILLED,206270.52
BTC,BUY,LIMIT,IOC,1.54900000,102253.39,101764.10,FILLED,158390.50
BTCUSDC,BUY,LIMIT,IOC,0.99800000,102334.90,101877.40,FILLED,102130.23
ETH,BUY,LIMIT,IOC,78.90800000,3914.07,3895.04,FILLED,308851.44
ETH,BUY,LIMIT,IOC,51.03000000,3920.31,3903.02,FILLED,200053.42
ETH,BUY,LIMIT,IOC,25.94700000,3927.20,3911.00,FILLED,101899.06
SUI,BUY,LIMIT,IOC,42714.00000000,4.90,4.83,FILLED,209231.88
WIF,BUY,LIMIT,IOC,38632.10000000,3.23,3.19,FILLED,124921.68
XRP,BUY,LIMIT,IOC,59555.40000000,2.45,2.43,FILLED,145875.00
ETH,BUY,LIMIT,IOC,150.00000000,3960.42,3941.88,FILLED,594063.00
WIF,SELL,LIMIT,IOC,36192.10000000,3.05,3.10,FILLED,110497.40
SUI,SELL,LIMIT,IOC,43895.20000000,4.66,4.73,FILLED,204642.76
AAVE,BUY,LIMIT,IOC,283.00000000,362.27,358.75,FILLED,102523.82
NEAR,BUY,LIMIT,IOC,15000.00000000,7.25,7.18,FILLED,108786.00
ETH,BUY,LIMIT,IOC,61.94100000,3955.12,3936.32,FILLED,244984.09
SOL,BUY,LIMIT,IOC,1271.00000000,234.50,232.57,FILLED,298047.34
ETH,BUY,LIMIT,IOC,56.52900000,3959.48,3944.20,FILLED,223825.44
SOL,BUY,LIMIT,IOC,449.00000000,234.37,232.89,FILLED,105233.79
XRP,BUY,LIMIT,IOC,118373.00000000,2.50,2.46,FILLED,295411.66
DOGE,BUY,LIMIT,IOC,684285.00000000,0.43,0.42,FILLED,292670.75
1000PEPE,BUY,LIMIT,IOC,7403268.00000000,0.03,0.03,FILLED,189782.78
TRX,BUY,LIMIT,IOC,505534.00000000,0.30,0.29,FILLED,150881.68
NEIRO,SELL,LIMIT,IOC,84947708.00000000,0.00,0.00,FILLED,147759.74
LINK,SELL,LIMIT,IOC,4805.96000000,27.65,27.97,FILLED,132899.21
1000SHIB,SELL,LIMIT,IOC,7618157.00000000,0.03,0.03,FILLED,216866.08
DOGE,SELL,LIMIT,IOC,571726.00000000,0.41,0.41,FILLED,233436.30
GOAT,SELL,LIMIT,IOC,158830.00000000,0.77,0.78,FILLED,121867.43
BAN,SELL,LIMIT,IOC,1594555.00000000,0.09,0.09,FILLED,140536.26
ETH,SELL,LIMIT,IOC,29.99200000,3936.33,3951.20,FILLED,118058.41
ALGO,SELL,LIMIT,IOC,328715.50000000,0.43,0.43,FILLED,139934.19
BTC,BUY,LIMIT,IOC,1.94400000,101608.18,101135.20,FILLED,197526.30
ETH,SELL,LIMIT,IOC,150.00000000,3939.46,3957.52,FILLED,590919.00
BTC,BUY,LIMIT,IOC,2.45900000,102055.70,101572.90,FILLED,250954.97
SOL,SELL,LIMIT,IOC,1123.00000000,223.75,225.60,FILLED,251273.38
BCH,SELL,LIMIT,IOC,329.47600000,527.01,532.88,FILLED,173637.15
MOODENG,SELL,LIMIT,IOC,337203.00000000,0.38,0.39,FILLED,128745.15
ETH,SELL,LIMIT,IOC,29.12300000,3848.22,3864.67,FILLED,112071.71
1000PEPE,SELL,LIMIT,IOC,7878862.00000000,0.02,0.02,FILLED,181873.29
ENA,SELL,LIMIT,IOC,130351.00000000,1.01,1.02,FILLED,131547.74
1000SHIB,SELL,LIMIT,IOC,13778310.00000000,0.03,0.03,FILLED,375872.30
ETH,SELL,LIMIT,IOC,77.21900000,3839.62,3858.27,FILLED,296491.62
NEAR,SELL,LIMIT,IOC,19574.00000000,6.70,6.79,FILLED,131149.71
BTC,SELL,LIMIT,IOC,4.32500000,99091.81,99573.90,FILLED,428572.08
CHILLGUY,SELL,LIMIT,IOC,644122.00000000,0.30,0.30,FILLED,190039.95
WLD,SELL,LIMIT,IOC,52000.00000000,3.00,3.03,FILLED,155964.47
NEAR,SELL,LIMIT,IOC,30000.00000000,6.74,6.84,FILLED,202335.00
1000SHIB,SELL,LIMIT,IOC,5388118.00000000,0.03,0.03,FILLED,148135.53
ETH,SELL,LIMIT,IOC,114.04500000,3865.77,3884.45,FILLED,440871.74
LINK,SELL,LIMIT,IOC,5411.70000000,28.65,29.00,FILLED,155028.97
ETH,BUY,LIMIT,IOC,220.56700000,3965.17,3944.62,FILLED,874585.65
SOL,SELL,LIMIT,IOC,600.00000000,217.29,218.80,FILLED,130376.04
SUI,SELL,LIMIT,IOC,27080.20000000,4.34,4.40,FILLED,117582.66
FIL,SELL,LIMIT,IOC,20000.00000000,6.38,6.43,FILLED,127620.00
